time_s,current_a,voltage_v,heat_gen_w_m3,surface_temp_c,mid_temp_c,core_temp_c,thermal_gradient_delta_t_c
0.0,10.0,3.3411243059070372,95723.95754501194,25.0,25.0,25.0,0.0
5.028035325132802,10.0,3.416560843610863,98848.50773086067,25.18177273915386,25.186252536147432,25.186210897876915,0.0044381587230546415
10.056070650265603,10.0,3.4575223743215666,102472.37309801669,25.366236753362536,25.37892079802647,25.379061148797906,0.01282439543536995
15.084105975398405,10.0,3.4905662550634413,106094.49363029457,25.554767472736582,25.578046712811325,25.578887598853733,0.02412012611715042
20.112141300531206,10.0,3.5196255533060605,109595.08616652465,25.7473945267073,25.783139739753544,25.78531166941938,0.0379171427120788
25.140176625664008,10.0,3.546128482292852,112896.39986940559,25.944147544705977,25.993709338104672,25.997954781869826,0.0538072371638485
30.16821195079681,10.0,3.5707351355074186,115956.06959186544,26.144978322927642,26.20943408003831,26.21658257696187,0.07160425403422721
35.19624727592961,10.0,3.593802378897232,118759.31088299472,26.349084271188186,26.429232514717107,26.439854151596165,0.09076988040797929
40.22428260106241,10.0,3.615536953391704,121308.53679498726,26.556100142686137,26.65264729154075,26.66724850477731,0.1111483620911713
45.25231792619522,10.0,3.6360636402723916,123616.47526479888,26.765682359814747,26.879257106755812,26.89829088671101,0.1326085268962629
50.280353251328016,10.0,3.6554532066894168,125700.29854844304,26.97748734496725,27.10864065660887,27.132506547602965,0.15501920263571378
55.308388576460814,10.0,3.6737438109817666,127578.51031719532,27.19117152053691,27.340376637346502,27.369420737658878,0.1782492171219694
60.33642390159362,10.0,3.6909592525141908,129270.48156014021,27.406391308916966,27.574043745215285,27.608558707084455,0.2021673981674894
65.36445922672642,10.0,3.707068292568745,130786.08239732614,27.622803132500664,27.80922067646179,27.8494457060854,0.22664257358473705
70.39249455185922,10.0,3.722180499006952,132152.2193830037,27.840063413681257,28.0454861273326,28.09160698486742,0.25154357118616133
75.42052987699202,10.0,3.736192288237277,133366.59016381385,28.058480956042576,28.283170445330033,28.33537674901444,0.27689579297186384
80.44856520212483,10.0,3.749259104576171,134458.80669771638,28.27716463488788,28.521264981707432,28.579675537971372,0.30251090308349404
85.47660052725763,10.0,3.761256810022585,135416.43981735848,28.49562435448821,28.759211890240778,28.823907073595688,0.3282827191074773
90.50463585239044,10.0,3.772383130150753,136267.11415418237,28.71375278641513,28.996888755260027,29.067940811316166,0.35418802490103474
95.53267117752323,10.0,3.7825188783426196,137000.03151348283,28.931442602240185,29.234173161095143,29.31164620656159,0.3802036043214052
100.56070650265603,10.0,3.7918862177410606,137641.98803454585,29.148586473534927,29.470942692076083,29.554892714760744,0.40630624122581693
105.58874182778884,10.0,3.8003782807915467,138179.52893020227,29.365077071870907,29.707074932532805,29.797549791342398,0.432472719471491
110.61677715292163,10.0,3.8081957656084167,138635.85205843614,29.580807068819677,29.94244746679527,30.03948689173534,0.4586798229156628
115.64481247805443,10.0,3.8152795197973712,139002.55963723775,29.795669135952785,30.176937879193435,30.28057347136835,0.484904335415564
120.67284780318724,10.0,3.821783558748635,139297.2353512806,30.009555944841786,30.410423754057256,30.520678985670205,0.5111230408284193
125.70088312832004,10.0,3.8276885173842308,139515.7579497384,30.222360167058227,30.642782675716695,30.759672890069687,0.5373127230114605
130.72891845345285,10.0,3.8331074625049437,139671.31403591353,30.43397447417366,30.87389222850171,30.99742463999558,0.5634501658219193
135.75695377858565,10.0,3.8380508269258704,139764.19858670858,30.644291537759635,31.10362999674226,31.233803690876655,0.5895121531170204
140.78498910371843,10.0,3.842597195443941,139803.749581344,30.853204029387705,31.3318735647683,31.4686794981417,0.6154754687539956
145.81302442885124,10.0,3.846774600547692,139793.01581869973,31.06060462062942,31.5585005169098,31.701921517219493,0.6413168965900731
150.84105975398404,10.0,3.8506363767603835,139738.85500989057,31.26638598305633,31.783388437496704,31.933399203538816,0.6670132204824846
155.86909507911685,10.0,3.8542212560152347,139646.54510247675,31.470440788239987,32.00641491085898,32.162982012528445,0.6925412242884583
160.89713040424965,10.0,3.8575604543412774,139519.62643567176,31.67266170775194,32.227457521326585,32.39053939961717,0.7178776918652297
165.92516572938246,10.0,3.860661507721997,139358.5691906562,31.873287509570307,32.446785646108765,32.61635581660019,0.7430683070298834
170.95320105451526,10.0,3.8636283523498385,139178.07010354803,32.07201546314854,32.6640579535753,32.84007181862552,0.768056355476979
175.98123637964807,10.0,3.8664346424154536,138974.37558199323,32.268766718375545,32.8791840608852,33.06159087124885,0.7928241528733082
181.00927170478087,10.0,3.8690602901817948,138744.4097481182,32.46355417180565,33.09217714662969,33.28092577082606,0.8173715990204116
186.03730702991365,10.0,3.871667405449609,138511.7451668741,32.656390719993176,33.303050389399985,33.49808931371299,0.841698593719812
191.06534235504645,10.0,3.8741126340013876,138255.33263367185,32.84728925949245,33.51181696778733,33.713094296265496,0.8658050367730468
196.09337768017926,10.0,3.876546233332288,137997.1645625117,33.036262686857775,33.71849006038294,33.92595351483945,0.8896908279816742
201.12141300531206,10.0,3.87888945786553,137725.353583595,33.22332389864349,33.92308284577805,34.13667976579068,0.9133558671471889
206.14944833044487,10.0,3.8812216196809315,137451.6224995492,33.40848579140392,34.12560850256387,34.34528584547507,0.9368000540711492
211.17748365557767,10.0,3.883512440204828,137170.71599740034,33.591761261693364,34.32608020933165,34.551784550248456,0.9600232885550923
216.20551898071048,10.0,3.885799338590617,136888.39046935833,33.77316320606616,34.524511144672594,34.75618867646669,0.9830254704005341
221.23355430584326,10.0,3.888077433219478,136602.87975030788,33.952704521076626,34.720914487177936,34.958511020485645,1.0058064994090188
226.26158963097606,10.0,3.890363705219846,136316.91715435364,34.13039810327908,34.91530341543891,35.15876437866116,1.0283662753820835
231.28962495610887,10.0,3.8926619760290673,136030.2915110388,34.30625684922784,35.10769110804674,35.3569615473491,1.0507046981212582
236.31766028124167,10.0,3.8949833384913473,135744.14506096888,34.48029365547724,35.298090743592645,35.55311532290532,1.0728216674280802
241.34569560637448,10.0,3.897327572421774,135458.47323491177,34.652521418581586,35.48651550066786,35.74723850168567,1.0947170831040864
246.37373093150728,10.0,3.8997381408230627,135175.47009100995,34.82295303509521,35.67297855786361,35.93934388004601,1.1163908449508
251.4017662566401,10.0,3.9021930258574895,134894.24983625306,34.99160140157243,35.85749309377111,36.12944425434219,1.137842852769758
256.4298015817729,10.0,3.904647910891916,134613.0295814962,35.158479414567566,36.040072286981605,36.31755242093006,1.1590730063624974
261.4578369069057,10.0,3.9071027959263427,134331.8093267393,35.32359997063494,36.22072931608631,36.5036811761655,1.1800812055305627
266.4858722320385,10.0,3.9097132722325334,134056.6898821664,35.48697596632886,36.39947735967645,36.68784331640434,1.2008673500754767
271.5139075571713,10.0,3.9123641935603444,133783.15630675564,35.648620298203674,36.576329596343264,36.87005163800244,1.2214313397987624
276.5419428823041,10.0,3.9150151148881553,133509.6227313449,35.80854586281368,36.75129920467796,37.05031893731566,1.2417730745019782
281.56997820743686,10.0,3.9176660362159668,133236.08915593414,35.96666835781589,36.92429776061005,37.228556137425834,1.2618877796099426
286.59801353256967,10.0,3.920552491757558,132972.41005006013,36.123132448885976,37.095482466099064,37.404924947195006,1.2817924983090307
291.6260488577025,10.0,3.923441837013739,132708.85184638517,36.277967843722436,37.264885413216156,37.579458211660565,1.3014903679381291
296.6540841828353,10.0,3.9263311822699203,132445.2936427102,36.431189180985946,37.432522604957825,37.752172406917644,1.3209832259316983
301.6821195079681,10.0,3.929278237036897,132184.2516505096,36.58281109933716,37.59841004432054,37.92308400906137,1.340272909724213
306.7101548331009,10.0,3.9324845389776355,131934.51318010862,36.73284823743673,37.762563734300784,38.09220949418686,1.3593612567501339
311.7381901582337,10.0,3.9356908409183737,131684.77470970762,36.88131523394533,37.92499967789505,38.25956533838925,1.3782501044439215
316.7662254833665,10.0,3.9388971428591124,131435.03623930665,37.02822672752361,38.085733878099816,38.42516801776366,1.3969412902400506
321.7942608084993,10.0,3.942103444799851,131185.29776890564,37.173597356832246,38.24478233791157,38.58903400840522,1.4154366515729748
326.8222961336321,10.0,3.9453097467405898,130935.55929850465,37.317441760531885,38.40216106032678,38.75117978640905,1.4337380258771617
331.8503314587649,10.0,3.9487498503394183,130696.25343712364,37.45977457728319,38.55788604834195,38.91162182787028,1.451847250587086
336.8783667838977,10.0,3.952287669656377,130461.30780950097,37.60061044574683,38.71197330495355,39.07037660888404,1.4697661631372085
341.9064021090305,10.0,3.955825488973336,130226.3621818783,37.73996400458346,38.86443883315807,39.227460605545446,1.4874966009619826
346.9344374341633,10.0,3.959363308290295,129991.41655425561,37.877849892453746,39.01529863595198,39.38289029394963,1.505040401495883
351.96247275929613,10.0,3.9629011276072537,129756.47092663294,38.014282748018346,39.16456871633177,39.53668215019172,1.5223994021733773
356.99050808442894,10.0,3.966689719951374,129536.96366888548,38.149277209937914,39.31226507729394,39.68885265036684,1.5395754404289264
362.01854340956174,10.0,3.9705506574959375,129321.91020736868,38.28284791687312,39.45840372183494,39.83941827057012,1.5565703536969977
367.0465787346945,10.0,3.9744115950405003,129106.85674585188,38.415009507484626,39.60300065295128,39.98839548689668,1.573385979412052
372.0746140598273,10.0,3.9782725325850636,128891.8032843351,38.54577662043309,39.74607187363944,40.135800775441645,1.5900241550085568
377.1026493849601,10.0,3.9821334701296265,128676.7498228183,38.67516389437917,39.887633386895885,40.28165061230014,1.6064867179209728
382.1306847100929,10.0,3.9859944076741898,128461.6963613015,38.803185967983524,40.02770119571712,40.425961473567305,1.6227755055837818
387.1587200352257,10.0,3.9898553452187526,128246.64289978471,38.92985747990683,40.16629130309961,40.568749835338245,1.638892355431416
392.1867553603585,10.0,3.993716282763316,128031.58943826791,39.05519306880973,40.303419712039855,40.71003217370811,1.6548391048983788
397.2147906854913,10.0,3.997577220307879,127816.53597675111,39.179207373352895,40.43910242553433,40.849824964772004,1.6706175914191093
402.2428260106241,10.0,4.0014381578524425,127601.48251523433,39.30191503219698,40.57335544657951,40.98814468462506,1.6862296524280822
407.27086133575693,10.0,4.005355862125563,127407.76589448347,39.42333068400266,40.70619477817189,41.125007809362415,1.7016771253597582
412.29889666088974,10.0,4.0092786495378885,127215.95986704237,39.54346896743058,40.83763642330795,41.26043081507918,1.716961847648605
417.32693198602254,10.0,4.013201436950213,127024.15383960128,39.6623445211414,40.96769638498417,41.39443017787049,1.7320856567290903
422.35496731115535,10.0,4.017124224362539,126832.34781216017,39.7799719837958,41.09639066619704,41.52702237383147,1.7470503900356746
427.38300263628815,10.0,4.021047011774865,126640.54178471907,39.89636599405442,41.223735269943035,41.65822387905724,1.7618578850028186
432.41103796142096,10.0,4.02496979918719,126448.73575727797,40.01154119057793,41.349746199218636,41.788051169642934,1.776509979065004
437.43907328655376,10.0,4.0288925865995155,126256.92972983688,40.125512212027,41.47443945702034,41.916520721683675,1.7910085096566775
442.4671086116865,10.0,4.03281537401184,126065.12370239578,40.238293697062275,41.597831046344616,42.04364901127458,1.8053553142123064
447.4951439368193,10.0,4.036723780261643,125874.22875587642,40.34990028434442,41.71993697018795,42.169452514510795,1.819552230166373
452.5231792619521,10.0,4.040329491579578,125702.5102547307,40.46034661253411,41.840773231546834,42.293947707487426,1.8336010949533161
457.5512145870849,10.0,4.043935202897513,125530.79175358497,40.56964732029199,41.960355833417744,42.41715106629961,1.847503746007618
462.57924991221773,10.0,4.047540914215448,125359.07325243924,40.67774607370931,42.07862354031728,42.538999743979716,1.8612536702704077
467.60728523735054,10.0,4.051146625533383,125187.3547512935,40.78472345039625,42.19566429135016,42.659584243680584,1.8748607932843342
472.63532056248334,10.0,4.054752336851318,125015.63625014777,40.89060069110038,42.311501271460465,42.77892842098061,1.8883277298802312
477.66335588761615,10.0,4.058358048169253,124843.91774900204,40.99538797467874,42.426145614317676,42.897043744347044,1.9016557696683023
482.69139121274895,10.0,4.061963759487188,124672.19924785632,41.099095479988364,42.539608453591256,43.01394168224712,1.914846202258758
487.71942653788176,10.0,4.065569470805123,124500.48074671059,41.2017333858863,42.65190092295069,43.1296337031481,1.9279003172618019
492.74746186301456,10.0,4.069085063710617,124331.90291848592,41.303311871229575,42.76303415606543,43.24413127551722,1.9408194042876445
497.77549718814737,10.0,4.072169546728028,124178.3494911003,41.403841114875235,42.873019286604965,43.357445867821724,1.9536047529464895
502.8035325132802,10.0,4.07525402974544,124024.7960637147,41.50333129568032,42.98186744823876,43.46958894852886,1.9662576528485403
507.831567838413,10.0,4.078338512762852,123871.24263632909,41.60179259250186,43.08958977463629,43.580571986105866,1.9787793936040075
512.8596031635458,10.0,4.081422995780264,123717.68920894347,41.699235184196894,43.19619739946702,43.69040644902,1.9911712648231088
517.8876384886786,10.0,4.0845074787976765,123564.13578155787,41.79566924962248,43.30170145640042,43.799103805738504,2.0034345561160265
522.9156738138114,10.0,4.087591961815088,123410.58235417225,41.89110496763563,43.40611307910598,43.90667552472861,2.0155705570929854
527.9437091389442,10.0,4.0906764448325,123257.02892678665,41.985552517093396,43.50944340125316,44.013133074457585,2.027580557364189
532.971744464077,10.0,4.093760927849912,123103.47549940103,42.07902207685282,43.61170355651142,44.11848792339266,2.0394658465398336
537.9997797892098,10.0,4.096688517038047,122954.86521699255,42.17152382577093,43.71290467855025,44.22275154000108,2.0512277142301443
543.0278151143426,10.0,4.099250781185226,122817.76497707302,42.26306794270478,43.813057901039116,44.3259353927501,2.0628674500453172
548.0558504394754,10.0,4.101813045332405,122680.6647371535,42.353664606511394,43.91217435764749,44.42805095010695,2.074386343595556
553.0838857646082,10.0,4.104375309479584,122543.56449723397,42.44332399604782,44.01026518204483,44.52910968053889,2.0857856844910643
558.111921089741,10.0,4.106937573626762,122406.46425731442,42.53205629017109,44.107341507900635,44.62912305251315,2.0970667623420596
563.1399564148737,10.0,4.109499837773941,122269.3640173949,42.61987166773825,44.203414468884354,44.728102534497,2.1082308667587455
568.1679917400065,10.0,4.11206210192112,122132.26377747537,42.70678030760634,44.29849519866547,44.826059594957655,2.1192792873513184
573.1960270651393,10.0,4.114624366068299,121995.16353755584,42.79279238863238,44.39259483091345,44.92300570236239,2.1302133137300103
578.2240623902721,10.0,4.117186630215478,121858.06329763631,42.87791808967343,44.485724499297774,45.018952325178425,2.1410342355049963
583.252097715405,10.0,4.119583312405164,121727.38492775128,42.96216758958652,44.5778953374879,45.113910931873015,2.151743342286494
588.2801330405377,10.0,4.12175868257396,121605.28984228184,43.045551067228686,44.669118479153305,45.207892990913415,2.1623419236847283
593.3081683656706,10.0,4.123934052742754,121483.19475681239,43.12807870145697,44.75940505796347,45.30090997076685,2.1728312693098815
598.3362036908034,10.0,4.12610942291155,121361.09967134293,43.20976067112842,44.84876620758786,45.392973339900585,2.183212668772164
603.3642390159362,10.0,4.128284793080344,121239.00458587348,43.29060715510006,44.93721306169594,45.48409456678186,2.193487411681801
608.392274341069,10.0,4.130460163249139,121116.90950040403,43.37062833222893,45.02475675395719,45.57428511987791,2.203656787648981
613.4203096662018,10.0,4.132635533417934,120994.81441493458,43.44983438137208,45.11140841804108,45.663556467655994,2.2137220862839158
618.4483449913346,10.0,4.134810903586729,120872.71932946512,43.52823548138654,45.19717918761708,45.751920078583346,2.223684597196808
623.4763803164674,10.0,4.136986273755524,120750.62424399567,43.60584181112935,45.28208019635467,45.83938742112722,2.2335456099978686
628.5044156416002,10.0,4.139027011076391,120639.72013725592,43.68266354945755,45.36612257792331,45.92596996375485,2.243306414297301
633.532450966733,10.0,4.140960025860191,120537.7701649608,43.758710875228175,45.44931746599248,46.0116791749335,2.252968299705323
638.5604862918658,10.0,4.142893040643992,120435.82019266569,43.83399396729827,45.53167599423165,46.0965265231304,2.2625325558321308
643.5885216169986,10.0,4.144826055427792,120333.87022037058,43.90852716413139,45.613213568564,46.180527699593064,2.2720005354616717
648.6165569421314,10.0,4.146759070211593,120231.92024807546,43.982328624726684,45.69394941466755,46.26370208239985,2.281373457673169
653.6445922672642,10.0,4.148692084995393,120129.97027578033,44.055382361756344,45.77386755424394,46.34603417392989,2.290651812173543
658.672627592397,10.0,4.1506250997791945,120028.02030348522,44.12769557287492,45.85297583247678,46.427532045907206,2.299836473032286
663.7006629175298,10.0,4.152558114562995,119926.0703311901,44.19927545573697,45.93128209454965,46.50820377005585,2.3089283143188837
668.7286982426626,10.0,4.154491129346796,119824.12035889499,44.27012920799704,46.00879418564615,46.588057418099865,2.317928210102828
673.7567335677954,10.0,4.156424144130596,119722.17038659987,44.3402640273097,46.08551995094987,46.667101061763304,2.326837034453604
678.7847688929282,10.0,4.158357158914397,119620.22041430476,44.4096871113295,46.16146723564441,46.745342772770215,2.3356556614407182
683.812804218061,10.0,4.160290173698198,119518.27044200964,44.478405657710994,46.236643884913356,46.822790622844636,2.344384965133642
688.8408395431939,10.0,4.162223188481998,119416.32046971451,44.54642686410874,46.31105774394031,46.899452683710614,2.353025819601875
693.8688748683267,10.0,4.164156203265799,119314.3704974194,44.613757928177286,46.384716657908854,46.9753370270922,2.361579098914916
698.8969101934595,10.0,4.166089218049599,119212.42052512428,44.6804060475712,46.4576284720026,47.05045172471344,2.3700456771422367
703.9249455185923,10.0,4.1680222328334,119110.47055282917,44.74637841994503,46.52980103140512,47.124804848298375,2.378426428353343
708.9529808437251,10.0,4.1699552476172,119008.52058053405,44.81168224295334,46.60124218130002,47.19840446957105,2.3867222266177137
713.9810161688579,10.0,4.171888262401001,118906.57060823894,44.87632471425067,46.6719597668709,47.27125866025552,2.3949339460048478
719.0090514939907,10.0,4.173882103434821,118821.804178276,44.940313031491584,46.74196163330134,47.34337549207582,2.4030624605842377
724.0370868191235,10.0,4.175890156802721,118741.05276229548,45.003654392330645,46.81125562577494,47.414763036756,2.4111086444253544
729.0651221442562,10.0,4.177898210170621,118660.30134631497,45.066010161165835,46.87945343512868,47.48500961717366,2.4189994560078247
734.093157469389,10.0,4.1799062635385225,118579.54993033445,45.12781663318205,46.94704827380439,47.554632697496736,2.4268160643146857
739.1211927945218,10.0,4.181914316906423,118498.79851435394,45.18921015189924,47.0142014298487,47.62380635211774,2.4345962002185004
744.1492281196546,10.0,4.183922370274323,118418.04709837343,45.250079230031695,47.080792445524466,47.69240770759243,2.4423284775607357
749.1772634447874,10.0,4.1859304236422235,118337.29568239291,45.3103123802937,47.14670086309457,47.760313890476546,2.450001510182844
754.2052987699202,10.0,4.187938477010125,118256.5442664124,45.36979811539954,47.211806224821885,47.82740202732584,2.4576039119262987
759.233334095053,10.0,4.189946530378025,118175.79285043188,45.4284249480635,47.27598807296926,47.893549244696054,2.4651242966325526
764.2613694201858,10.0,4.191954583745925,118095.04143445137,45.48608139099987,47.33912594979958,47.958632669142936,2.472551278143065
769.2894047453186,10.0,4.193962637113826,118014.29001847084,45.542655956922935,47.401099397575706,48.022529427222246,2.47987347029931
774.3174400704514,10.0,4.195970690481727,117933.53860249033,45.59803715854698,47.46178795856051,48.08511664548971,2.487079486942733
779.3454753955842,10.0,4.197978743849627,117852.78718650981,45.6521135085863,47.52107117501686,48.146271450501104,2.494157941914807
784.373510720717,10.0,4.1999867972175275,117772.0357705293,45.70477351975517,47.57882858920762,48.20587096881215,2.501097449056978
789.4015460458498,9.932551600259147,4.199999819120908,116069.3064859605,45.75590570476788,47.634939743395655,48.26379232697861,2.5078866222107266
794.4295813709826,9.908589482789463,4.1999999681515,114888.08048193574,45.805398576338725,47.689284179843845,48.31991265155622,2.514514075217498
799.4576166961155,9.884752536606909,4.199999943439518,113712.15727065378,45.85314064718198,47.741741440815055,48.37410906910074,2.5209684219187594
804.4856520212483,9.860245453847059,4.1999999988163115,112532.73021037197,45.89902043001194,47.79219106857215,48.426258706167914,2.527238276155977
809.5136873463811,9.83479932448945,4.200000057309612,111348.24973421215,45.94292643754288,47.840512605378,48.47623868931349,2.53331225177061
814.5417226715139,9.807933681095186,4.2000000428268605,110156.23626619107,45.9847471824891,47.886585593495475,48.52392614509321,2.5391789626041117
819.5697579966467,9.78078461513868,4.200000013546181,108962.71905869516,46.02437117756488,47.930289575187444,48.56919820006283,2.544827022497948
824.5977933217795,9.752352050493204,4.19999990596113,107763.19590897187,46.06168693548451,47.97150409271677,48.611931980778095,2.550245045293586
829.6258286469123,9.722814493197612,4.199999730962098,106558.50210962088,46.096582968962274,48.01010868834633,48.652004613794745,2.555421644832471
834.6538639720451,9.69268342109653,4.199999462748495,105351.68981276479,46.12894779071246,48.04598290433898,48.68929322566854,2.5603454349560835
839.6818992971779,9.660705389724196,4.1999989044603785,104138.28496156633,46.15866991344935,48.0790062829576,48.72367494295522,2.565005029505869
844.7099346223107,9.628727358351862,4.199998346172262,102924.88011036789,46.185637849887236,48.10905836646506,48.75502689221054,2.5693890423233015
849.7379699474435,9.594500348418858,4.199997520332898,101706.95555811985,46.20985656943738,48.136137167751656,48.78334906693289,2.573492497495515
854.7660052725763,9.560152539288993,4.199996680122577,100488.7882395483,46.231674199732154,48.16058938763555,48.808978142622514,2.57730394289036
859.7940405977091,9.524405507392753,4.19999719874436,99271.54921847847,46.25108535035197,48.1824096275682,48.83189771926594,2.5808123689139677
864.8220759228419,9.487921002945392,4.1999984335504426,98054.79946469562,46.26811994774493,48.20163044246774,48.852141102397674,2.5840211546527456
869.8501112479747,9.450669392512527,4.199999457136324,96839.24668492896,46.282807918359154,48.2182843872523,48.86974159755221,2.5869336791930593
874.8781465731075,9.412058068674133,4.200000106329431,95625.81556976493,46.295179188642756,48.23240401684,48.884732510264065,2.5895533216213096
879.9061818982403,9.373259380346896,4.200000678508124,94413.27444599658,46.30526368504386,48.244021886148985,48.89714714606773,2.591883461023869
884.934217223373,9.331831003544766,4.200000169778058,93213.22448386958,46.31309133401058,48.253170550097366,48.907018810497725,2.5939274764871456
889.9622525485058,9.290402626742633,4.199999661047992,92013.17452174255,46.31869206199104,48.25988256360329,48.914380809088534,2.5956887470974976
894.9902878736386,9.2489742499405,4.199999152317926,90813.12455961552,46.32209579543335,48.264190481584876,48.91926644737468,2.597170651941333
900.0183231987714,9.20754587313837,4.199998643587861,89613.07459748849,46.32333246078563,48.266126858960256,48.92170903089065,2.5983765701050245
905.0463585239042,9.164709104065356,4.199998298317032,88428.42728613682,46.322431984496,48.26572425064755,48.92174186517097,2.599309880674973
910.074393849037,9.120335334885317,4.199998131431778,87260.58912403969,46.31942429301258,48.2630152115649,48.919398255750124,2.5999739627375433
915.1024291741699,9.075961565705278,4.199997964546524,86092.75096194255,46.31433931278348,48.258032296630425,48.91471150816262,2.600372195379137
920.1304644993027,9.031587796525239,4.199997797661269,84924.91279984542,46.30720697025682,48.25080806076227,48.90771492794296,2.6005079576861405
925.1584998244355,8.9872140273452,4.199997630776015,83757.07463774829,46.29805719188073,48.24137505887854,48.89844182062566,2.6003846287449335
930.1865351495683,8.940513108991384,4.199996175725843,82622.9012724934,46.28691990410331,48.229765845897376,48.88692549174521,2.6000055876419026
935.2145704747011,8.893524051537163,4.1999945611798015,81492.89615927266,46.27382503337269,48.21601297673691,48.87319924683612,2.5993742134634346
940.2426057998339,8.846534994082944,4.19999294663376,80362.89104605193,46.25880250613697,48.20014900631527,48.8572963914329,2.598493885295923
945.2706411249667,8.799545936628725,4.199991332087718,79232.88593283118,46.2418822488443,48.18220648955058,48.83925023107005,2.597367982225748
950.2986764500995,8.752072874233283,4.199992535957648,78117.83027342004,46.22309418794277,48.162217981360975,48.81909407128206,2.5959998833392888
955.3267117752323,8.703478399108352,4.2000002699417935,77037.41167320628,46.2024682498805,48.14021603666458,48.79686121760345,2.5943929677229463
960.3547471003651,8.654883923983423,4.200008003925939,75956.99307299253,46.180034361105626,48.11623321037953,48.77258497556871,2.592550614463086
965.3827824254979,8.606289448858494,4.200015737910085,74876.57447277878,46.155822448066246,48.09030205742394,48.74629865071237,2.5904762026461228
970.4108177506307,8.557694973733565,4.20002347189423,73796.15587256502,46.130062936259854,48.06267219590099,48.71825743318636,2.588194496926505
975.4388530757635,8.506989718907745,4.200022579172086,72734.64294812643,46.103788869662,48.03446362615292,48.68960772795112,2.585818858289123
980.4668884008963,8.4554354021417,4.200018216354044,71680.73483898342,46.07557970323073,48.00413970912738,48.65878000541764,2.58320030218691
985.4949237260291,8.403881085375657,4.200013853536002,70626.82672984041,46.04547106897712,47.971739156980554,48.62581394788489,2.5803428789077714
990.5229590511619,8.352326768609613,4.20000949071796,69572.9186206974,46.01349859891223,47.93730068186862,48.590749237651856,2.5772506387396277
995.5509943762947,8.300516105005052,4.20000551808411,68523.2608864471,45.97969792504712,47.90086299594777,48.55362555701752,2.573927631970399
1000.5790297014275,8.246907670247744,4.200004281828392,67503.41120996194,45.944104679392865,47.862464811374174,48.51448258828085,2.570377908887984
1005.6070650265603,8.193299235490434,4.200003045572674,66483.5615334768,45.90675449396052,47.82214484030402,48.47336001374083,2.5666055197803104
1010.6351003516932,8.139690800733126,4.200001809316957,65463.711856991635,45.867683000761154,47.779941794893496,48.43029751569643,2.5626145149352766
1015.663135676826,8.086082365975818,4.2000005730612395,64443.86218050648,45.82692583180583,47.735894387298785,48.38533477644663,2.558408944640803
1020.6911710019588,8.03100176966055,4.20000008077322,63435.92729600016,45.78451861910561,47.69004132967606,48.33851147829042,2.5539928591848096
1025.7192063270916,7.974649087699074,4.200000231343063,62438.2879091394,45.74049699467156,47.64242133418151,48.28986730352677,2.5493703088552095
1030.7472416522244,7.918296405737598,4.200000381912905,61440.648522278636,45.69489659051475,47.593073112971325,48.239441934454646,2.5445453439398946
1035.7752769773572,7.861943723776121,4.200000532482748,60443.00913541787,45.647753038646236,47.542035378201675,48.18727505337304,2.5395220147268063
1040.80331230249,7.805591041814644,4.20000068305259,59445.36974855711,45.59910197107709,47.489346842028745,48.13340634258093,2.5343043715038434
1045.8313476276228,7.746546427331578,4.200000970719133,58466.10482029585,45.54897901981837,47.435046216608725,48.07787548437729,2.528896464558919
1050.8593829527556,7.687354486079986,4.200001265888841,57487.84550773525,45.49741981688114,47.3791722140978,48.02072216106109,2.523302344179946
1055.8874182778884,7.6281625448283945,4.200001561058549,56509.586195174656,45.44445999427647,47.32176354665214,47.961986054931316,2.517526060654845
1060.9154536030212,7.568970603576804,4.2000018562282575,55531.326882614056,45.39013518401542,47.26285892642794,47.90170684828694,2.5115716642715213
1065.943488928154,7.509018835183217,4.200001628193519,54563.25466056021,45.33448101810906,47.202497065581376,47.839924223426955,2.5054432053178957
1070.9715242532868,7.447714901866494,4.200000469080298,53613.311070257914,45.27753312856845,47.14071667626863,47.77667786265032,2.4991447340818667
1075.9995595784196,7.38641096854977,4.199999309967079,52663.36747995561,45.219327147404655,47.07755647064589,47.712007448256024,2.4926803008513687
1081.0275949035524,7.325107035233046,4.199998150853859,51713.423889653306,45.15989870662874,47.013055160869335,47.64595266254304,2.4860539559143007
1086.0556302286852,7.263803101916323,4.1999969917406395,50763.480299351,45.09928343825177,46.947251459095156,47.57855318781034,2.4792697495585756
1091.083665553818,7.2021740781090395,4.199996094562053,49844.171232778914,45.037516974284806,46.88018407747952,47.50984870635692,2.4723317320721137
1096.1117008789508,7.1404487293177406,4.199995274995239,48933.93923888148,44.97463494673891,46.81189172817862,47.43987890048174,2.465243953742828
1101.1397362040836,7.0787233805264425,4.199994455428426,48023.70724498405,44.91067298762516,46.74241312334865,47.36868345248378,2.458010464858617
1106.1677715292165,7.017520706999839,4.199993715331881,47145.51130192349,44.845666728954605,46.67178697514577,47.29630204466203,2.450635315707423
1111.1958068543493,6.956509978036856,4.1999930044195875,46279.08011264661,44.77965180273832,46.600051995726176,47.22277435931545,2.44312255657713
1116.223842179482,6.895499249073872,4.199992293507294,45412.648923369736,44.71266384098737,46.52724689724605,47.14814007874304,2.4354762377556725
1121.2518775046149,6.835746008877304,4.19999407694838,44583.08931141468,44.644738475712806,46.453410391861574,47.072438885243756,2.4277004095309493
1126.2799128297474,6.7765540862005365,4.199996973818304,43769.98842488616,44.57591133892571,46.378581191728934,46.99571046111659,2.419799122190881
1131.3079481548803,6.717362163523767,4.1999998706882264,42956.88753835761,44.50621806263713,46.3027980090043,46.91799448866051,2.41177642602338
1136.335983480013,6.659944717349794,4.19999992545474,42190.990940818825,44.43569427885814,46.22609955584387,46.839330650174496,2.4036363713163524
1141.3640188051459,6.6026101818523255,4.199999847426756,41427.29991744678,44.364375619599805,46.14852454440382,46.75975862795753,2.395383008357726
1146.3920541302787,6.546389590700893,4.1999988202016105,40688.55506471131,44.292297716873186,46.070111686840335,46.679318104308585,2.387020387435399
1151.4200894554115,6.491314834200957,4.199996816605427,39975.470548454265,44.21949620268935,45.990899695309594,46.59804876152665,2.378552558837299
1156.4481247805443,6.436325704796459,4.199994865560873,39264.04142028519,44.14600670905936,45.91092728196779,46.51599028191068,2.369983572851325
1161.476160105677,6.384055984177379,4.199994583489917,38605.18533440662,44.07186486799428,45.83023315897108,46.433182347759676,2.361317479765397
1166.50419543081,6.331786263558298,4.199994301418962,37946.32924852804,43.99710631150517,45.74885603847569,46.3496646413726,2.3525583298674277
1171.5322307559427,6.281148150680807,4.199994277471865,37317.43206604461,43.92176667160311,45.66683463263776,46.26547684504844,2.3437101734453307
1176.5602660810755,6.231750430422138,4.199994449757552,36711.31045742742,43.84588158029914,45.5842076536135,46.18065864108617,2.334777060787026
1181.5883014062083,6.182679124861164,4.199994844615841,36110.723723360374,43.76948666960435,45.501013813559084,46.09524971178477,2.3257630421804194
1186.616336731341,6.136369798950938,4.199997122786975,35556.97069802294,43.69261757152979,45.41729182463069,46.009289739443204,2.316672167913417
1191.644372056474,6.09006047304071,4.19999940095811,35003.2176726855,43.615309918086524,45.33308039898451,45.92281840636047,2.307508488273946
1196.6724073816067,6.045524795495325,4.2000010539013655,34479.639451438365,43.53759934128561,45.248418248776716,45.83587539483553,2.2982760535499196
1201.7004427067395,6.001972694470256,4.200002360124564,33972.794664730245,43.45952147313814,45.163344086163505,45.748500387167375,2.2889789140292365
1206.7284780318723,5.958880649586822,4.200003315414347,33473.65776315044,43.38111194565515,45.07789662330105,45.66073306565497,2.279621119999824
1211.7565133570051,5.91787232902268,4.200002681227476,33009.43205226803,43.30240639084772,44.992114572345535,45.5726131125973,2.270206721749581
1216.784548682138,5.876864008458538,4.200002047040606,32545.206341385623,43.223440440726904,44.90603664545315,45.484180210293346,2.2607397695664417
1221.8125840072707,5.837702994949758,4.200001750540789,32110.03124602542,43.144150981087066,44.81959324999518,45.39536202015983,2.251211039072764
1226.8406193324035,5.799265958472337,4.200001586383708,31686.2413604623,43.06384193163928,44.732022940797876,45.30537185963056,2.24152992799128
1231.8686546575364,5.761448567544584,4.200001609989169,31271.872354955147,42.98358422128506,44.64450225274383,45.215427607913604,2.2318433866285474
1236.8966899826692,5.72543183404785,4.200002179222713,30884.879932219515,42.90338413129699,44.55703818549946,45.125536577545134,2.2221524462481455
1241.924725307802,5.689415100551116,4.200002748456257,30497.887509483884,42.823247942947674,44.469637738731194,45.03570608106133,2.2124581381136537
1246.9527606329348,5.655812295950685,4.200002404118221,30147.269344937195,42.7431819375097,44.38230791210545,44.94594343099836,2.2027614934886586
1251.9807959580676,5.622837299496492,4.200001822180941,29806.111299799697,42.663192396255674,44.29505570528865,44.85625593989242,2.1930635436367467
1257.0088312832004,5.589862303042298,4.200001240243662,29464.953254662196,42.583285600458176,44.20788811794721,44.76665092027968,2.1833653198215046
1262.0368666083332,5.556887306588105,4.200000658306381,29123.7952095247,42.503467831389806,44.12081214974756,44.67713568469633,2.173667853306526
1267.064901933466,5.523912310133911,4.200000076369101,28782.6371643872,42.423745370323154,44.033834800356104,44.58771754567854,2.163972175355383
1272.0929372585988,5.493836012907763,4.20000006604685,28483.372982886325,42.344124498530824,43.94696306943928,44.49840381576249,2.154279317231662
1277.1209725837316,5.464197584756109,4.200000142071102,28190.437166577693,42.2646114972854,43.8602039566635,44.40920180748435,2.14459031019895
1282.1490079088644,5.434559156604455,4.200000218095354,27897.50135026906,42.18521264785949,43.77356446169517,44.32011883338032,2.1349061855208333
1287.1770432339972,5.404920728452801,4.200000294119606,27604.56553396043,42.105934231525666,43.687051584200745,44.23116220598657,2.1252279744609055
1292.20507855913,5.377253556412893,4.200000973897669,27339.201378347305,42.02678252955654,43.60067232384662,44.14233923783928,2.115556708282739
1297.2331138842628,5.3501402044079045,4.2000018232990275,27081.583419688577,41.9477638232247,43.51443368029922,44.053657241474625,2.105893418249927
1302.2611492093956,5.323026852402916,4.200002672700385,26823.965461029853,41.868884393802745,43.428342653224966,43.96512352942879,2.0962391356260426
1307.2891845345284,5.295913500397927,4.200003522101743,26566.347502371125,41.79015052256326,43.34240624229028,43.876745414237945,2.086594891674686
1312.3172198596612,5.270218696906264,4.200003935400137,26328.373357715074,41.71156849077885,43.25663144716159,43.788530208438274,2.0769617176594224
1317.345255184794,5.2451535619079435,4.200004155120169,26099.118753244176,41.6331445797221,43.1710252675053,43.700485224565966,2.067340644843867
1322.3732905099268,5.220088426909622,4.200004374840202,25869.86414877328,41.55488507066561,43.08559470298784,43.61261777515719,2.0577327044915776
1327.4013258350597,5.1950232919113,4.200004594560235,25640.60954430238,41.476796244881974,43.00034675327563,43.52493517274813,2.0481389278661553
1332.4293611601925,5.1710226614409045,4.200004540999195,25425.617872918592,41.39888438364379,42.91528841803509,43.43744472987497,2.038560346231179
1337.4573964853253,5.147718544197297,4.2000043086283165,25219.95854469294,41.32115576822364,42.83042669693264,43.35015375907387,2.028997990850229
1342.485431810458,5.12441442695369,4.200004076257438,25014.299216467294,41.243616679894124,42.7457685896347,43.26306957288103,2.019452892986905
1347.5134671355909,5.101110309710083,4.200003843886561,24808.639888241647,41.16627339992784,42.66132109580769,43.17619948383262,2.00992608390478
1352.5415024607237,5.07857613451674,4.20000322799741,24613.1129623868,41.08913220959738,42.577091215118045,43.08955080446482,2.0004185948674404
1357.5695377858565,5.056763032246336,4.20000225293234,24427.07532340932,41.01219939017534,42.49308594723216,43.00313084731381,1.9909314571384726
1362.5975731109893,5.034949929975933,4.200001277867272,24241.03768443184,40.93548122293431,42.40931229181647,42.91694692491577,1.9814657019814632
1367.625608436122,5.013136827705528,4.200000302802203,24055.000045454362,40.85898398914688,42.32577724853739,42.831006349806884,1.9720223606600058
1372.653643761255,4.99192273012152,4.199999471843221,23876.373678174223,40.78271397008566,42.24248781706135,42.74531643452332,1.9626024644376585
1377.6816790863877,4.971508213475372,4.199998833244138,23707.64024113167,40.70667744702323,42.15945099705476,42.65988449160127,1.9532070445780363
1382.7097144115205,4.951093696829223,4.199998194645054,23538.90680408912,40.630880701232186,42.07667378818405,42.5747178335769,1.9438371323447114
1387.7377497366533,4.930679180183075,4.19999755604597,23370.17336704657,40.555330013985134,41.994163190115636,42.4898237729864,1.9344937590012634
1392.7657850617861,4.910709497099392,4.199997299404561,23206.670906073246,40.48003166655465,41.911926202515936,42.405209622365945,1.925177955811293
1397.793820386919,4.891602551108706,4.199997783554951,23053.313716204237,40.40499194021335,41.82996982505137,42.320882694251715,1.9158907540383652
1402.8218557120517,4.87249560511802,4.1999982677053405,22899.956526335227,40.330217116233804,41.74830105738836,42.23685030117989,1.906633184946088
1407.8498910371845,4.853388659127336,4.19999875185573,22746.599336466217,40.255713475888626,41.66692689919333,42.15311975568665,1.8974062797980267
1412.8779263623173,4.834555598401598,4.199999175634996,22596.453226085843,40.1814873004504,41.58585435013269,42.069698370308174,1.8882110698577748
1417.9059616874501,4.816535051213952,4.199999420316077,22455.833168729485,40.10754487119172,41.50509040987288,41.98659345758064,1.8790485863889188
1422.933997012583,4.798514504026305,4.199999664997157,22315.213111373127,40.03389246938519,41.4246420780803,41.90381233004023,1.8699198606550453
1427.9620323377158,4.780493956838658,4.199999909678238,22174.59305401677,39.96053637630339,41.34451635442139,41.82136230022312,1.8608259239197338
1432.9900676628486,4.762628162133433,4.200000055937321,22035.768233489587,39.88748287321892,41.264720238562546,41.73925068066549,1.8517678074465707
1438.0181029879814,4.745551175246537,4.199999700517599,21906.094134323648,39.81473824140438,41.185260730170214,41.65748478390352,1.8427465424991425
1443.0461383131142,4.728474188359641,4.199999345097876,21776.42003515771,39.74230876213235,41.10614482891079,41.57607192247339,1.8337631603410358
1448.074173638247,4.711397201472745,4.1999989896781535,21646.74593599177,39.670200716675446,41.02737953445072,41.49501940891128,1.8248186922358371
1453.1022089633796,4.694390190614471,4.19999866946905,21517.8439713911,39.59842038630625,40.94897184645641,41.41433455575337,1.8159141694471188
1458.1302442885124,4.678234978966026,4.199998777869255,21398.34099135023,39.526974052297355,40.87092876459428,41.33402467553584,1.8070506232384815
1463.1582796136452,4.662079767317581,4.1999988862694595,21278.838011309355,39.45586799592135,40.793257288530754,41.25409708079486,1.7982290848735047
1468.186314938778,4.645924555669136,4.199998994669665,21159.335031268485,39.38510849845084,40.71596441793224,41.174559084066615,1.789450585615775
1473.2143502639108,4.6297693440206915,4.199999103069869,21039.832051227615,39.314690795381665,40.63904491164788,41.095405307210356,1.7807145118286911
1478.2423855890436,4.614776928406774,4.199999350874517,20932.901633161793,39.24445240850641,40.56231807938801,41.01644796253863,1.771995554032216
1483.2704209141764,4.59979885060771,4.199999600398087,20826.126240621074,39.17457342063756,40.48598294154437,40.93789297264927,1.7633195520117155
1488.2984562393092,4.584820772808647,4.199999849921656,20719.35084808035,39.10505202996381,40.4100375611597,40.859738368687864,1.7546863387240563
1493.326491564442,4.569842695009583,4.200000099445225,20612.57545553963,39.03588643467387,40.3344800012767,40.78198218179995,1.746095747126077
1498.3545268895748,4.554864617210519,4.2000003489687945,20505.800062998907,38.967074832956456,40.2593083249381,40.704622443131086,1.73754761017463
1503.3825622147076,4.539886539411456,4.200000598492363,20399.024670458188,38.898615423000265,40.1845205951866,40.62765718382685,1.7290417608265827
1508.4105975398404,4.524908461612393,4.200000848015932,20292.249277917464,38.83050640299402,40.11011487506492,40.55108443503279,1.7205780320387731
1513.4386328649732,4.5099303838133284,4.200001097539502,20185.473885376745,38.76274597112641,40.03608922761579,40.474902227894475,1.7121562567680684
1518.466668190106,4.4959573819403245,4.200001066721139,20089.408025376335,38.69533232558614,39.962441715881916,40.399108593557465,1.703776267971321
1523.4947035152388,4.482217646123736,4.200000970838779,19995.827719309666,38.628263664561935,39.88917040290602,40.32370156316731,1.6954378986053769
1528.5227388403716,4.468477910307148,4.2000008749564195,19902.247413243,38.561538186242494,39.81627335173081,40.24867916786958,1.6871409816270884
1533.5507741655044,4.454738174490559,4.20000077907406,19808.66710717633,38.49515408881651,39.743748625399,40.17403943880984,1.6788853499933296
1538.5788094906372,4.4409984386739705,4.2000006831917,19715.086801109665,38.42910957047272,39.67159428695332,40.09978040713364,1.6706708366609249
1543.60684481577,4.427258702857382,4.200000587309341,19621.506495042995,38.3634028293998,39.59980839943648,40.02590010398655,1.6624972745867481
1548.6348801409029,4.413518967040793,4.200000491426981,19527.92618897633,38.29803206378647,39.5283890258912,39.952396560514124,1.654364496727652
1553.6629154660357,4.399779231224205,4.200000395544621,19434.34588290966,38.23299547182145,39.45733422936019,39.87926780786192,1.6462723360404752
1558.6909507911685,4.386612204723371,4.200000728321761,19346.78024713824,38.16829125169342,39.38664207288617,39.80651187717552,1.6382206254820986
1563.7189861163013,4.373773747472463,4.200001307025285,19262.665289840337,38.10391760159111,39.31631061951186,39.73412679960045,1.6302091980093465
1568.747021441434,4.360935290221556,4.200001885728808,19178.55033254244,38.03987271970321,39.24633793227997,39.6621106062823,1.6222378865790859
1573.7750567665669,4.348096832970648,4.200002464432332,19094.43537524454,37.97615480421844,39.17672207423322,39.590461328366615,1.6143065241481764
1578.8030920916997,4.335258375719741,4.2000030431358555,19010.320417946637,37.9127620533255,39.10746110841433,39.519176996998965,1.6064149436734638
1583.8311274168325,4.322419918468833,4.200003621839379,18926.205460648736,37.8496926652131,39.038553097866,39.448255643324906,1.5985629781118078
1588.8591627419653,4.309581461217926,4.200004200542902,18842.090503350835,37.78694483806994,38.96999610563097,39.377695298489996,1.590750460420054
1593.887198067098,4.296743003967018,4.2000047792464255,18757.975546052938,37.72451677008474,38.901788194751944,39.3074939936398,1.582977223555062
1598.915233392231,4.284070446466051,4.200004841343761,18675.926026267858,37.6624066594462,38.833927428271636,39.23764975991988,1.5752431004736849
1603.9432687173637,4.271593228585211,4.200004295160153,18596.308467828712,37.60061270434302,38.76641186923277,39.168160628475796,1.567547924132775
1608.9713040424965,4.259116010704373,4.2000037489765445,18516.69090938957,37.53913310296392,38.69923958067806,39.0990246304531,1.559891527489178
1613.9993393676293,4.246638792823535,4.200003202792937,18437.073350950428,37.477966053497596,38.63240862565022,39.03023979699737,1.552273743499775
1619.0273746927621,4.2341615749426955,4.200002656609328,18357.455792511286,37.41710975413276,38.56591706719197,38.96180415925416,1.5446944051213976
1624.055410017895,4.221684357061857,4.20000211042572,18277.838234072144,37.35656240305812,38.499762968346026,38.89371574836901,1.537153345310891
1629.0834453430277,4.209207139181018,4.200001564242112,18198.220675632998,37.296322198462384,38.4339443921551,38.825972595487514,1.5296503970251294
1634.1114806681605,4.19672992130018,4.2000010180585035,18118.603117193856,37.23638733853425,38.368459401661916,38.758572731755216,1.5221853932209655
1639.1395159932933,4.184290451342319,4.200001166450839,18039.546525561975,37.17675602146244,38.30330605990918,38.69151418831767,1.5147581668552306
1644.1675513184261,4.171946589041693,4.200003074059937,17961.910746467507,37.11742644543564,38.23848242993962,38.62479499632045,1.507368550884813
1649.195586643559,4.159602726741066,4.200004981669033,17884.274967373043,37.05839680864258,38.17398657479595,38.558413186909114,1.5000163782665368
1654.2236219686918,4.14725886444044,4.2000068892781295,17806.639188278576,36.99966530927195,38.10981655752088,38.492366791229216,1.492701481957269
1659.2516572938246,4.134915002139814,4.200008796887226,17729.00340918411,36.94123014551246,38.04597044115713,38.42665384042632,1.4854236949138553
1664.2796926189574,4.122571139839188,4.200010704496322,17651.367630089644,36.883089515552825,37.98244628874742,38.36127236564599,1.4781828500931624
1669.3077279440902,4.110227277538561,4.200012612105419,17573.73185099518,36.82524161758175,37.91924216333447,38.29622039803378,1.470978780452029
1674.335763269223,4.097883415237935,4.200014519714515,17496.096071900713,36.76768464978794,37.85635612796098,38.23149596873527,1.4638113189473287
1679.3637985943558,4.085472444856573,4.200016016245768,17418.02112092723,36.71041681036009,37.79378624566967,38.16709710889599,1.4566802985359004
1684.3918339194886,4.072500657823211,4.200014077433655,17336.276047069274,36.65343629748693,37.73153057950328,38.10302184966152,1.4495855521745966
1689.4198692446214,4.0595288707898485,4.200012138621543,17254.530973211313,36.59674130935714,37.6695871925045,38.03926822217742,1.4425269128202771
1694.4479045697542,4.046557083756486,4.20001019980943,17172.785899353355,36.540330044159454,37.60795414771606,37.97583425758925,1.4355042134297946
1699.475939894887,4.033585296723124,4.2000082609973175,17091.040825495398,36.48420070008256,37.54662950818067,37.91271798704257,1.428517286960009
1704.5039752200198,4.0206135096897615,4.200006322185205,17009.29575163744,36.428351475315175,37.485611336941055,37.84991744168293,1.4215659663677584
1709.5320105451526,4.007641722656399,4.200004383373092,16927.55067777948,36.372780568046,37.424897697039924,37.787430652655914,1.4146500846099173
1714.5600458702854,3.994669935623037,4.20000244456098,16845.805603921523,36.317486176463746,37.36448665152,37.72525565110706,1.4077694746433167
1719.5880811954182,3.9816981485896745,4.200000505748867,16764.060530063565,36.26246649875712,37.30437626342398,37.663390468181944,1.4009239694248237
1724.616116520551,3.9681795801603648,4.2000006457972905,16678.464584693316,36.20773120597493,37.24457710108504,37.60184598191946,1.39411477594453
1729.6441518456838,3.9546202878809544,4.200000940677618,16592.58182942905,36.15374115479719,37.18559147642079,37.541138219166925,1.3873970643697362
1734.6721871708166,3.941060995601544,4.200001235557945,16506.69907416479,36.099954284312666,37.12682850593542,37.48066012826002,1.3807058439473536
1739.7002224959494,3.927501703322134,4.200001530438273,16420.816318900524,36.0463697998353,37.06828730853212,37.42041079265989,1.3740409928245896
1744.7282578210823,3.913942411042724,4.2000018253186004,16334.933563636261,35.99298690667904,37.00996700311405,37.360389295827645,1.3674023891486016
1749.756293146215,3.9003831187633136,4.200002120198929,16249.050808371998,35.939804810157845,36.95186670858438,37.30059472122444,1.3607899110665969
1754.7843284713479,3.8868238264839037,4.200002415079256,16163.168053107733,35.886822715585666,36.8939855438463,37.2410261523114,1.354203436725733
1759.8123637964807,3.8732645342044933,4.200002709959583,16077.28529784347,35.83403982827644,36.83632262780295,37.181682672549655,1.3476428442732171
1764.8403991216135,3.8590831715101577,4.200003018515706,15987.021124220471,35.781455353544125,36.77887707935753,37.122563365400346,1.341108011856221
1769.868434446746,3.8446993923849138,4.200003331521816,15895.331274266931,35.72906849670267,36.721648017413195,37.0636673143246,1.3345988176219237
1774.8964697718789,3.8303156132596694,4.200003644527927,15803.641424313386,35.676878463066025,36.66463456087312,37.00499360278355,1.328115139717525
1779.9245050970117,3.815931834134425,4.200003957534037,15711.951574359842,35.624884457948134,36.60783582864048,36.946541314238324,1.3216568562901898
1784.9525404221445,3.8015480550091807,4.200004270540147,15620.261724406299,35.57308568666296,36.55125093961844,36.88830953215007,1.315223845487111
1789.9805757472773,3.7871642758839363,4.200004583546257,15528.571874452753,35.521481354524425,36.49487901271018,36.83029733997991,1.3088159854554817
1795.00861107241,3.772780496758692,4.200004896552367,15436.88202449921,35.47007066684651,36.438719166818856,36.77250382118898,1.3024331543424665
1800.0366463975429,3.7580582420148536,4.200004918625258,15342.92462938056,35.418852828943145,36.38277052084766,36.7149280592384,1.2960752302952585
1805.0646817226757,3.742819561543341,4.200004496809752,15245.50755032135,35.36782704612828,36.32703219369975,36.65756913758933,1.2897420914610436
1810.0927170478085,3.7275808810718285,4.200004074994246,15148.09047126214,35.31699252371588,36.2715033042783,36.60042613970288,1.2834336159870006
1815.1207523729413,3.7123422006003164,4.20000365317874,15050.673392202929,35.26634846701988,36.21618297148648,36.5434981490402,1.2771496820203154
1820.148787698074,3.697103520128804,4.200003231363235,14953.256313143718,35.215894081354236,36.161070314227466,36.4867842490624,1.270890167708167
1825.176823023207,3.6818648396572913,4.200002809547729,14855.839234084508,35.165628572032894,36.106164451404425,36.430283523230635,1.2646549511977412
1830.2048583483397,3.6666261591857787,4.200002387732223,14758.422155025297,35.1155511443698,36.05146450192053,36.373995055006034,1.258443910636231
1835.2328936734725,3.6513656412487903,4.200002046017924,14660.873971909628,35.06566100367891,35.99696958467894,36.31791792784972,1.2522569241708084
1840.2609289986053,3.6355423390698194,4.200003768631883,14559.947040600142,35.015957355274175,35.942678818582856,36.262051225222834,1.246093869948659
1845.2889643237381,3.619719036890848,4.200005491245843,14459.020109290655,34.96643940446954,35.888591322535426,36.20639403058651,1.239954626116969
1850.316999648871,3.6038957347118767,4.200007213859802,14358.093177981169,34.91710635657895,35.83470621543982,36.15094542740187,1.233839070822924
1855.3450349740037,3.5880724325329054,4.200008936473762,14257.166246671683,34.86795741691636,35.78102261619922,36.095704499130065,1.2277470822137033
1860.3730702991365,3.5722491303539345,4.200010659087721,14156.239315362196,34.81899179079573,35.7275396437168,36.04067032923221,1.2216785384364854
1865.4011056242693,3.556425828174963,4.20001238170168,14055.312384052711,34.77020868353099,35.67425641689572,35.98584200116945,1.2156333176384635
1870.4291409494022,3.540602525995992,4.20001410431564,13954.385452743225,34.7216073004361,35.62117205463916,35.931218598402914,1.2096112979668163
1875.457176274535,3.5242656124393323,4.200012535225356,13850.64501345689,34.673186846825004,35.56828567585029,35.87679920439374,1.203612357568737
1880.4852115996678,3.5076856448805684,4.200009408416677,13745.573150445474,34.624946528011655,35.51559639943227,35.82258290260305,1.1976363745913972
1885.5132469248006,3.4911056773218045,4.200006281607999,13640.501287434057,34.576885549310006,35.463103344288285,35.76856877649199,1.1916832271819828
1890.5412822499334,3.4745257097630406,4.200003154799321,13535.429424422642,34.529003116034005,35.4108056293215,35.71475590952168,1.1857527934876728
1895.5693175750662,3.4579457422042768,4.200000027990643,13430.357561411225,34.48129843349759,35.358702373435094,35.66114338515326,1.1798449516556673
1900.597352900199,3.441365774645513,4.199996901181964,13325.28569839981,34.43377070701473,35.30679269553223,35.60773028684786,1.1739595798331308
1905.6253882253318,3.424785807086749,4.1999937743732865,13220.213835388395,34.38641914189936,35.25507571451608,35.55451569806662,1.1680965561672636
1910.6534235504646,3.408178125762102,4.199992012213674,13115.40443529996,34.339242943465436,35.203550549289815,35.501498702270666,1.1622557588052302
1915.6814588755974,3.391511610095095,4.1999931471064,13011.152225220732,34.29224131702691,35.152216318756615,35.44867838292114,1.156437065894231
1920.7094942007302,3.374845094428088,4.1999942819991265,12906.900015141504,34.24541346789772,35.101072141819635,35.39605382347916,1.1506403555814373
1925.737529525863,3.3581785787610814,4.199995416891854,12802.647805062275,34.19875860139182,35.05011713738207,35.34362410740587,1.1448655060140496
1930.7655648509958,3.3415120630940742,4.19999655178458,12698.395594983045,34.152275922823165,34.999350424347064,35.2913883181624,1.1391123953392324
1935.7936001761286,3.3248455474270675,4.199997686677307,12594.143384903817,34.1059646375057,34.94877112161781,35.239345539209886,1.1333809017041858
1940.8216355012614,3.3081790317600603,4.199998821570034,12489.891174824588,34.059823950753376,34.89837834809747,35.18749485400946,1.1276709032560817
1945.8496708263942,3.2915125160930536,4.199999956462761,12385.63896474536,34.01385306788015,34.84817122268921,35.13583534602225,1.1219822781420987
1950.877706151527,3.2746804735436372,4.200000001650682,12281.863453516286,33.96805119419995,34.798148864296216,35.08436609870939,1.1163149045094372
1955.9057414766598,3.2578418284219133,4.200000003372223,12178.106956954685,33.92241753502675,34.74831039182165,35.033086195532015,1.1106686605052616
1960.9337768017926,3.2410031833001893,4.200000005093762,12074.350460393087,33.87695129567449,34.69865492416868,34.98199471995126,1.1050434242767722
1965.9618121269255,3.224164538178465,4.200000006815302,11970.593963831487,33.83165168145711,34.64918158024049,34.93109075542826,1.0994390739711477
1970.9898474520583,3.207325893056741,4.200000008536842,11866.837467269888,33.78651789768857,34.599889478940234,34.88037338542414,1.0938554877355742
1976.017882777191,3.190487247935017,4.200000010258382,11763.080970708288,33.74154914968281,34.550777739171096,34.82984169340004,1.0882925437172304
1981.0459181023239,3.1736663735017347,4.1999997802903675,11660.758384705781,33.6967446427538,34.50184547983625,34.779494762817095,1.0827501200632952
1986.0739534274567,3.156850582185311,4.199999484050014,11558.845953603019,33.65210358221547,34.45309181983885,34.72933167713643,1.0772280949209616
1991.1019887525895,3.1400347908688873,4.199999187809661,11456.933522500254,33.60762517338177,34.404515878082094,34.67935151981918,1.0717263464374085
1996.1300240777223,3.1232189995524635,4.199998891569309,11355.02109139749,33.56330862156666,34.356116773469125,34.62955337432648,1.0662447527598147
2001.158059402855,3.1064032082360398,4.199998595328956,11253.108660294725,33.519153132084085,34.30789362490313,34.579936324119465,1.0607831920353803
2006.186094727988,3.089587416919616,4.199998299088604,11151.19622919196,33.475157910247994,34.259845551287285,34.530499452659264,1.05534154241127
2011.2141300531207,3.0728775566639945,4.199998291952072,11051.032310578454,33.431322161372336,34.21197167152474,34.48124184340701,1.0499196820346768
2016.2421653782535,3.056240244542505,4.199998482811697,10952.0658813287,33.38764509077106,34.1642711045187,34.43216257982384,1.0445174890527795
2021.2702007033863,3.0396029324210154,4.199998673671323,10853.099452078945,33.34412590375811,34.1167429691723,34.38326074537088,1.0391348416127713
2026.298236028519,3.0229656202995256,4.199998864530948,10754.133022829188,33.30076380564745,34.069386384388736,34.33453542350927,1.0337716178618237
2031.326271353652,3.006328308178036,4.199999055390573,10655.166593579434,33.25755800175302,34.02220046907117,34.28598569770015,1.02842769594713
2036.3543066787847,2.9896909960565465,4.199999246250199,10556.200164329677,33.21450769738877,33.97518434212277,34.23761065140463,1.0231029540158616
2041.3823420039175,2.9731569851287687,4.1999994416084805,10458.64980207799,33.171612097868646,33.92833712244672,34.189409368083865,1.017797270215219
2046.4103773290503,2.956771959518177,4.199999643454912,10363.141751084115,33.12887040850661,33.88165792894618,34.14138093119898,1.0125105226923736
2051.438412654183,2.9403869339075857,4.199999845301344,10267.633700090239,33.08628183461659,33.83514588052432,34.093524424211104,1.0072425895945116
2056.466447979316,2.9240019082969937,4.200000047147776,10172.125649096362,33.043845581512564,33.78880009608433,34.045838930581375,1.0019933490688118
2061.4944833044487,2.907616882686402,4.200000248994208,10076.617598102486,33.001560854508455,33.74261969452935,33.99832353377092,0.9967626792624671
2066.5225186295816,2.89123185707581,4.20000045084064,9981.109547108612,32.95942685891823,33.69660379476258,33.950977317240884,0.9915504583226564
2071.5505539547144,2.874921583622561,4.200000585143732,9886.485879147787,32.917442800055824,33.65075151568718,33.90379936445239,0.9863565643965657
2076.578589279847,2.8588682014488107,4.200000487329175,9794.9014584409,32.8756078832352,33.60506197620632,33.85678875886658,0.9811808756313809
2081.60662460498,2.842814819275061,4.200000389514619,9703.317037734012,32.8339213137703,33.55953429522317,33.80994458394457,0.9760232701742737
2086.634659930113,2.826761437101311,4.2000002917000625,9611.732617027124,32.79238229697508,33.514167591640906,33.763265923147515,0.9708836261724372
2091.6626952552456,2.8107080549275607,4.200000193885506,9520.148196320237,32.75099003816347,33.4689609843627,33.71675185993653,0.9657618217730572
2096.6907305803784,2.794654672753811,4.20000009607095,9428.56377561335,32.70974374264945,33.42391359229172,33.67040147777275,0.9606577351232986
2101.718765905511,2.77862605082088,4.199999999126779,9337.242858751648,32.66864261574695,33.37902453433114,33.62421386011732,0.9555712443703754
2106.746801230644,2.7631716316526282,4.199999922367284,9252.03273206818,32.627685862769916,33.33429292938413,33.57818809043137,0.9505022276614525
2111.774836555777,2.747717212484376,4.19999984560779,9166.822605384714,32.58687268903231,33.28971789635385,33.53232325217602,0.9454505631437087
2116.8028718809096,2.732262793316124,4.199999768848296,9081.612478701247,32.546202299848076,33.245298554143496,33.48661842881241,0.9404161289643369
2121.8309072060424,2.7168083741478717,4.199999692088801,8996.40235201778,32.505673900531164,33.20103402165622,33.44107270380169,0.9353988032705232
2126.858942531175,2.7013539549796195,4.1999996153293075,8911.192225334313,32.46528669639552,33.1569234177952,33.39568516060496,0.9303984642094392
2131.886977856308,2.6858995358113673,4.199999538569814,8825.982098650844,32.425039892755095,33.1129658614636,33.35045488268339,0.9254149899282922
2136.915013181441,2.670445116643115,4.199999461810319,8740.771971967377,32.38493269492385,33.06916047156461,33.30538095349808,0.9204482585742326
2141.9430485065736,2.654990697474863,4.199999385050825,8655.56184528391,32.344964308215715,33.02550636700138,33.260462456510176,0.9154981482944606
2146.9710838317064,2.6395362783066108,4.19999930829133,8570.351718600443,32.30508825435243,32.981953472086175,33.21564823968948,0.9105599853370521
2151.9991191568392,2.6240818591383586,4.199999231531836,8485.141591916976,32.26536422646071,32.93856649030175,33.17100462919778,0.9056404027370704
2157.027154481972,2.608627439970107,4.1999991547723425,8399.931465233509,32.225796852482134,32.89535042255465,33.126536742483445,0.9007398900013115
2162.055189807105,2.5931730208018546,4.199999078012848,8314.721338550042,32.18638597502166,32.852305098456114,33.08224440535459,0.8958584303329289
2167.0832251322377,2.5783486055816467,4.199999479860307,8235.497443876111,32.14713143668424,32.80943034761738,33.03812744361934,0.8909960069350973
2172.1112604573705,2.563829997257281,4.200000114025845,8159.179294530145,32.108033080074854,32.76672599964968,32.99418568308582,0.886152603010963
2177.1392957825033,2.549311388932915,4.200000748191383,8082.861145184178,32.06909074779847,32.72419188416426,32.950418949562156,0.8813282017636865
2182.167331107636,2.5347927806085493,4.20000138235692,8006.542995838212,32.030304282460044,32.68182783077236,32.90682706885648,0.8765227863964355
2187.195366432769,2.5202741722841835,4.200002016522458,7930.224846492245,31.991673526664552,32.63963366908523,32.863409866776905,0.8717363401123528
2192.2234017579017,2.5057555639598177,4.2000026506879955,7853.906697146278,31.953198323016952,32.597609228714084,32.82016716913156,0.8669688461146059
2197.2514370830345,2.491236955635452,4.200003284853533,7777.588547800312,31.914878514122215,32.55575433927018,32.77709880172858,0.8622202876063625
2202.2794724081673,2.4767183473110856,4.200003919019071,7701.270398454345,31.876713942585308,32.51406883036475,32.734204590376066,0.8574906477907582
2207.3075077333,2.46219973898672,4.200004553184608,7624.952249108378,31.838704451011193,32.47255253160903,32.69148436088217,0.8527799098709785
2212.335543058433,2.447681130662354,4.200005187350146,7548.634099762412,31.800849882004837,32.43120527261428,32.648937939054996,0.848088057050159
2217.3635783835657,2.4331625223379882,4.200005821515684,7472.315950416445,31.763150078171208,32.39002688299171,32.606565150702686,0.843415072531478
2222.3916137086985,2.4186439140136224,4.200006455681222,7395.997801070478,31.725604882115274,32.34901719235258,32.56436582163335,0.8387609395180782
2227.4196490338313,2.4044004768531173,4.200006576302803,7322.162513878235,31.688214136441996,32.308176030308125,32.52233977765513,0.8341256412131308
2232.447684358964,2.390783785572765,4.200005527246742,7253.9823382318455,31.650977683756345,32.26750322646958,32.48048684457613,0.8295091608197822
2237.475719684097,2.377167094292412,4.200004478190681,7185.802162585456,31.613895366663282,32.22699861044818,32.438806848204486,0.8249114815412035
2242.5037550092297,2.3635504030120598,4.200003429134619,7117.621986939066,31.57696702776778,32.18666201185518,32.39729961434832,0.8203325865805411
2247.5317903343625,2.3499337117317074,4.2000023800785575,7049.441811292677,31.5401925096748,32.146493260301796,32.35596496881577,0.8157724591409696
2252.559825659495,2.336317020451356,4.200001331022496,6981.261635646293,31.50357165498931,32.1064921853993,32.314802737414944,0.8112310824256319
2257.5878609846277,2.3227003291710036,4.200000281966435,6913.081459999903,31.467104306316276,32.0666586167589,32.27381274595397,0.806708439637692
2262.6158963097605,2.3090836378906507,4.199999232910374,6844.901284353514,31.430790306260665,32.026992383991846,32.232994820240975,0.8022045139803105
2267.6439316348933,2.2954669466102984,4.199998183854312,6776.721108707125,31.39462949742744,31.987493316709383,32.19234878608409,0.7977192886566478
2272.671966960026,2.2818502553299456,4.1999971347982505,6708.5409330607345,31.35862172242157,31.948161244522744,32.15187446929143,0.7932527468698574
2277.700002285159,2.268233564049593,4.199996085742189,6640.360757414345,31.32276682384802,31.908995997043174,32.111571695671124,0.7888048718231033
2282.7280376102917,2.254616872769241,4.199995036686128,6572.180581767955,31.28706464431176,31.869997403881904,32.0714402910313,0.7843756467195426
2287.7560729354245,2.241000181488888,4.199993987630067,6504.000406121566,31.25151502641775,31.83116529465018,32.03148008118008,0.7799650547623287
2292.7841082605573,2.2283269489160347,4.199993777889265,6443.376574279501,31.21611781277096,31.79249949895924,31.991690891925586,0.7755730791546256
2297.81214358569,2.215717177953816,4.19999362460488,6383.261018787548,31.180872845976353,31.75399984642032,31.952072549075947,0.7711997030995938
2302.840178910823,2.2031074069915966,4.199993471320496,6323.145463295596,31.145779968638898,31.715666166644667,31.912624878439285,0.7668449098003869
2307.8682142359557,2.1904976360293777,4.19999331803611,6263.029907803643,31.110839023363564,31.67749828924351,31.87334770582373,0.7625086824601652
2312.8962495610886,2.1778878650671585,4.199993164751726,6202.914352311691,31.07604985275531,31.639496043828093,31.8342408570374,0.7581910042820894
2317.9242848862214,2.1652780941049397,4.199993011467341,6142.7987968197385,31.041412299419108,31.601659260009658,31.795304157888427,0.7538918584693199
2322.952320211354,2.1526683231427204,4.199992858182957,6082.683241327786,31.00692620595992,31.563987767399443,31.75653743418493,0.7496112282250103
2327.980355536487,2.140058552180501,4.1999927048985715,6022.567685835834,30.97259141498272,31.526481395608684,31.71794051173504,0.7453490967523209
2333.00839086162,2.1274487812182823,4.199992551614187,5962.452130343881,30.938407769092464,31.48913997424862,31.679513216346873,0.7411054472544087
2338.0364261867526,2.114839010256063,4.199992398329802,5902.336574851929,30.904375110894122,31.451963332930497,31.641255373828564,0.7368802629344415
2343.0644615118854,2.102229239293844,4.199992245045418,5842.221019359977,30.870493282992662,31.414951301265546,31.603166809988227,0.7326735269955655
2348.092496837018,2.089619468331625,4.1999920917610325,5782.105463868024,30.836762127993047,31.378103708865012,31.565247350633996,0.7284852226409484
2353.120532162151,2.077560458030365,4.199992657703741,5726.119256273999,30.80318148850025,31.341420385340136,31.527496821573994,0.7243153330737435
2358.148567487284,2.06591888174308,4.199993768764999,5673.262775238746,30.769751207119228,31.30490116030215,31.489915048616343,0.720163841497115
2363.1766028124166,2.0542773054557943,4.199994879826258,5620.406294203494,30.736471126454955,31.2685458633623,31.45250185756917,0.7160307311142162
2368.2046381375494,2.042635729168509,4.199995990887516,5567.5498131682425,30.703341089112392,31.232354324131816,31.4152570742406,0.7119159851282078
2373.232673462682,2.030994152881224,4.1999971019487745,5514.69333213299,30.670360937696508,31.19632637222195,31.378180524438754,0.7078195867422465
2378.260708787815,2.0193525765939384,4.199998213010033,5461.836851097738,30.637530514812266,31.160461837243933,31.341272033971762,0.7037415191594967
2383.288744112948,2.007711000306653,4.199999324071292,5408.980370062486,30.604849663064634,31.124760548809004,31.30453142864775,0.6996817655831151
2388.3167794380806,1.9960694240193677,4.20000043513255,5356.123889027233,30.57231822505858,31.089222336528408,31.267958534274836,0.6956403092162553
2393.3448147632134,1.9844278477320825,4.200001546193808,5303.267407991982,30.53993604339907,31.053847030013376,31.231553176661148,0.6916171332620777
2398.3728500883462,1.972786271444797,4.200002657255066,5250.41092695673,30.507702960691066,31.018634458875155,31.195315181614813,0.6876122209237465
2403.400885413479,1.9611446951575118,4.200003768316324,5197.554445921477,30.47561881953954,30.983584452724983,31.159244374943956,0.683625555404415
2408.428920738612,1.9495031188702265,4.200004879377583,5144.697964886225,30.443683462549455,30.948696841174094,31.1233405824567,0.6796571199072439
2413.4569560637447,1.9380216291913397,4.200005673809467,5093.027279489588,30.411896732325776,30.91397145383373,31.08760362996117,0.6757068976353935
2418.4849913888775,1.9271775674428775,4.200005207496255,5046.078158672215,30.380258471473468,30.879408120315137,31.05203334326549,0.6717748717920209
2423.5130267140103,1.916333505694415,4.200004741183043,4999.129037854843,30.348768522597503,30.845006670229544,31.016629548177786,0.667861025580283
2428.541062039143,1.9054894439459529,4.200004274869831,4952.179917037471,30.31742672830284,30.810766933188198,30.981392070506185,0.663965342203344
2433.569097364276,1.8946453821974907,4.200003808556619,4905.230796220098,30.286232931194455,30.77668873880233,30.94632073605881,0.6600878048643537
2438.5971326894087,1.8838013204490285,4.200003342243407,4858.281675402725,30.255186973877304,30.74277191668319,30.911415370643784,0.6562283967664797
2443.6251680145415,1.8729572587005663,4.200002875930195,4811.332554585353,30.22428869895636,30.709016296442005,30.876675800069233,0.6523871011128719
2448.6532033396743,1.862113196952104,4.200002409616983,4764.383433767981,30.193537949036585,30.675421707690024,30.842101850143283,0.6485639011066979
2453.681238664807,1.851269135203642,4.20000194330377,4717.434312950608,30.16293456672295,30.641987980038483,30.80769334667406,0.6447587799511112
2458.70927398994,1.8404250734551797,4.200001476990558,4670.485192133236,30.132478394620414,30.608714943098622,30.773450115469686,0.6409717208492722
2463.7373093150727,1.8295810117067173,4.2000010106773455,4623.536071315863,30.102169275333946,30.57560242648168,30.739371982338287,0.6372027070043416
2468.7653446402055,1.818736949958255,4.2000005443641335,4576.58695049849,30.072007051468518,30.542650259798894,30.70545877308799,0.6334517216194726
2473.7933799653383,1.8078928882097929,4.2000000780509215,4529.637829681118,30.041991565629086,30.509858272661507,30.671710313526916,0.6297187478978294
2478.821415290471,1.7977532561847167,4.2000001247690255,4487.409462929391,30.012122660420626,30.477226294680754,30.638126429463192,0.6260037690425655
2483.849450615604,1.7877552438897066,4.200000274627803,4446.1301644726145,29.9824001784481,30.444754155467876,30.604706946704944,0.6223067682568448
2488.8774859407367,1.7777572315946966,4.200000424486582,4404.850866015837,29.952823962316472,30.412441684634118,30.571451691060297,0.6186277287438244
2493.9055212658695,1.7677592192996863,4.20000057434536,4363.57156755906,29.92339385463071,30.380288711790712,30.53836048833737,0.6149666337066613
2498.9335565910023,1.7577612070046762,4.200000724204138,4322.292269102282,29.89410969799578,30.348295066548896,30.505433164344296,0.6113234663485159
2503.961591916135,1.7477631947096661,4.2000008740629164,4281.012970645505,29.86497133501665,30.316460578519916,30.472669544889197,0.6076982098725452
2508.989627241268,1.737765182414656,4.200001023921694,4239.733672188728,29.835978608298284,30.284785077315007,30.440069455780197,0.6040908474819133
2514.0176625664008,1.727767170119646,4.200001173780472,4198.454373731951,29.80713136044565,30.25326839254541,30.40763272282542,0.6005013623797701
2519.0456978915336,1.717769157824636,4.20000132363925,4157.175075275173,29.77842943406371,30.221910353822366,30.37535917183299,0.5969297377692797
2524.0737332166664,1.7077711455296258,4.200001473498029,4115.895776818396,29.749872671757437,30.19071079075711,30.343248628611036,0.593375956853599
2529.101768541799,1.6977731332346158,4.2000016233568065,4074.616478361619,29.721460916131793,30.15966953296088,30.31130091896768,0.5898400028358886
2534.129803866932,1.6877751209396057,4.200001773215584,4033.337179904842,29.693194009791743,30.12878641004492,30.279515868711048,0.5863218589193053
2539.157839192065,1.678128688814878,4.200001803471091,3994.318555138423,29.665071795342254,30.09806125162047,30.247893303649263,0.5828215083070099
2544.1858745171976,1.6688875942901082,4.200001695835705,3957.906266352787,29.637094115388294,30.067493887298767,30.216433049590453,0.5793389342021591
2549.2139098423304,1.6596464997653384,4.20000158820032,3921.493977567151,29.609260812534828,30.037084146691047,30.18513493234274,0.5758741198079136
2554.241945167463,1.6504054052405686,4.200001480564934,3885.0816887815145,29.581571729386823,30.006831859408557,30.153998777714254,0.5724270483274303
2559.269980492596,1.6411643107157987,4.200001372929549,3848.6693999958784,29.554026708549245,29.976736855062526,30.123024411513114,0.5689977029638698
2564.298015817729,1.6319232161910289,4.200001265294163,3812.2571112102423,29.526615484034355,29.94678803032631,30.092200472176366,0.5655849881420103
2569.3260511428616,1.622682121666259,4.200001157658778,3775.8448224246063,29.499343942141273,29.916991763356474,30.061533500799914,0.5621895586586412
2574.3540864679944,1.6134410271414892,4.200001050023392,3739.43253363897,29.472213705769178,29.887349806376275,30.03102528949928,0.5588115837301011
2579.382121793127,1.6041999326167193,4.200000942388006,3703.020244853334,29.445224286810422,29.857861626974543,30.000675290975447,0.5554510041650254
2584.41015711826,1.5949588380919495,4.200000834752621,3666.607956067698,29.418375197157356,29.828526692740116,29.970482957929402,0.5521077607720457
2589.438192443393,1.5857177435671796,4.200000727117235,3630.195667282062,29.391665948702332,29.79934447126183,29.940447743062133,0.548781794359801
2594.4662277685256,1.5764766490424096,4.20000061948185,3593.783378496426,29.3650960533377,29.77031443012852,29.91056909907462,0.5454730457369195
2599.4942630936584,1.5673039144397922,4.2000005303116135,3557.7866722647586,29.338665022955816,29.741436036929016,29.880846478667852,0.5421814557120364
2604.5222984187913,1.5587721837204647,4.20000061428716,3525.686840437481,29.31237236944903,29.71270875925216,29.85127933454281,0.5389069650937799
2609.550333743924,1.550240453001137,4.200000698262706,3493.587008610203,29.286217604709694,29.68413206468678,29.82186711940048,0.5356495146907854
2614.578369069057,1.5417087222818096,4.200000782238252,3461.487176782926,29.260200240630162,29.65570542082171,29.79260928594185,0.5324090453116881
2619.6064043941897,1.5331769915624822,4.200000866213799,3429.387344955648,29.234319789102784,29.627428295245796,29.7635052868679,0.5291854977651163
2624.6344397193225,1.5246452608431547,4.200000950189344,3397.2875131283704,29.208575762019912,29.599300155547862,29.73455457487962,0.5259788128597087
2629.6624750444553,1.516113530123827,4.200001034164891,3365.187681301093,29.1829676712739,29.571320469316746,29.705756602677994,0.5227889314040937
2634.690510369588,1.5075817994044998,4.200001118140437,3333.0878494738154,29.157495028757097,29.543488704141282,29.677110822964003,0.5196157942069064
2639.718545694721,1.4990500686851722,4.200001202115983,3300.9880176465376,29.132157346361858,29.515804327610308,29.64861668843864,0.5164593420767822
2644.7465810198537,1.4905183379658447,4.2000012860915295,3268.88818581926,29.106954135980533,29.488266807312655,29.62027365180288,0.5133195158223458
2649.7746163449865,1.481986607246517,4.200001370067076,3236.7883539919826,29.081884909505476,29.460875610837157,29.592081165757715,0.5101962562522395
2654.8026516701193,1.4734548765271898,4.200001454042622,3204.688522164705,29.056949178829036,29.433630205772655,29.564038683004128,0.5070895041750916
2659.830686995252,1.4649231458078622,4.200001538018168,3172.588690337427,29.032146455843566,29.40653005970798,29.5361456562431,0.5039992003995337
2664.858722320385,1.4568657342911033,4.200001469058379,3143.2351693142464,29.007476252441425,29.37957464023196,29.508401538175626,0.5009252857342013
2669.8867576455177,1.4489853203062664,4.200001343029054,3114.9064649790334,28.982938080514955,29.352763414933445,29.48080578150268,0.4978677009877259
2674.9147929706505,1.4411049063214294,4.20000121699973,3086.5777606438205,28.958531451956514,29.326095851401256,29.453357838925253,0.4948263869687395
2679.9428282957833,1.4332244923365927,4.200001090970405,3058.2490563086076,28.93425587865845,29.299571417224236,29.42605716314433,0.49180128448587723
2684.970863620916,1.4253440783517557,4.20000096494108,3029.9203519733946,28.91011087251312,29.273189579991215,29.398903206860894,0.48879233434777447
2689.998898946049,1.417463664366919,4.200000838911755,3001.5916476381817,28.886095945412873,29.24694980729103,29.37189542277593,0.48579947736305584
2695.0269342711817,1.409583250382082,4.20000071288243,2973.262943302969,28.86221060925006,29.22085156671252,29.345033263590423,0.48282265434036375
2700.0549695963145,1.4017028363972452,4.200000586853105,2944.9342389677554,28.838454375917035,29.19489432584451,29.318316182005358,0.47986180608832285
2705.0830049214474,1.3938224224124083,4.20000046082378,2916.6055346325425,28.81482675730615,29.16907755227584,29.291743630721722,0.476916873415572
2710.11104024658,1.3859420084275715,4.2000003347944554,2888.2768302973295,28.791327265309757,29.143400713595344,29.2653150624405,0.4739877971307429
2715.139075571713,1.3780615944427346,4.200000208765131,2859.9481259621166,28.767955411820207,29.117863277391862,29.239029929862674,0.47107451804246736
2720.1671108968458,1.3701811804578976,4.200000082735806,2831.6194216269037,28.744710708729855,29.09246471125422,29.21288768568923,0.46817697695937355
2725.1951462219786,1.3626147858089683,4.200000025361822,2805.0002614012374,28.72159266793105,29.06720448277126,29.186887782621152,0.4652951146901039
2730.2231815471114,1.3556063442987503,4.2000000899754335,2781.4186386537317,28.698600801316143,29.042082059531815,29.16102967335943,0.46242887204328653
2735.251216872244,1.348597902788532,4.200000154589045,2757.837015906226,28.67573462077749,29.017096909124717,29.135312810605043,0.4595781898275533
2740.279252197377,1.3415894612783137,4.200000219202656,2734.25539315872,28.65299363820744,28.992248499138803,29.10973664705898,0.4567430088515394
2745.30728752251,1.3345810197680956,4.200000283816267,2710.6737704112143,28.63037736549835,28.96753629716291,29.084300635422224,0.4539232699238731
2750.3353228476426,1.3275725782578773,4.200000348429878,2687.0921476637086,28.607885314542564,28.942959770785865,29.05900422839576,0.4511189138531968
2755.3633581727754,1.320564136747659,4.200000413043489,2663.5105249162025,28.585516997232443,28.91851838759651,29.033846878680574,0.4483298814481316
2760.391393497908,1.3135556952374408,4.2000004776571,2639.928902168697,28.56327192546033,28.89421161518368,29.00882803897765,0.44555611351731983
2765.419428823041,1.3065472537272227,4.200000542270711,2616.347279421191,28.541149611118584,28.870038921136203,28.983947161987974,0.44279755086938977
2770.447464148174,1.2995388122170044,4.2000006068843225,2592.7656566736855,28.519149566099554,28.845999773042923,28.95920370041253,0.4400541343129767
2775.4754994733066,1.2925303707067861,4.200000671497934,2569.1840339261794,28.49727130229559,28.822093638492667,28.934597106952303,0.43732580465671234
2780.5035347984394,1.2855219291965678,4.200000736111544,2545.6024111786737,28.47551433159905,28.798319985074276,28.91012683430828,0.43461250270922847
2785.5315701235722,1.2785134876863498,4.200000800725156,2522.020788431168,28.45387816590228,28.77467828037658,28.885792335181442,0.4319141692791604
2790.559605448705,1.2715050461761315,4.200000865338767,2498.4391656836624,28.43236231709764,28.751167991988417,28.861593062272778,0.4292307451751398
2795.587640773838,1.2644966046659132,4.200000929952378,2474.8575429361563,28.410966297077472,28.727788587498623,28.83752846828327,0.42656217120579853
2800.6156760989707,1.257488163155695,4.200000994565989,2451.2759201886506,28.389689617734135,28.704539534496025,28.813598005913907,0.42390838817977183
2805.6437114241035,1.2504797216454768,4.2000010591796,2427.694297441145,28.36853179095998,28.681420300569464,28.78980112786567,0.4212693369056879
2810.6717467492363,1.2434712801352585,4.2000011237932116,2404.112674693639,28.347492328647355,28.658430353307775,28.76613728683954,0.4186449581921856
2815.699782074369,1.2364628386250403,4.200001188406822,2380.531051946133,28.32657074268862,28.63556916029979,28.742605935536513,0.41603519284789314
2820.727817399502,1.229454397114822,4.200001253020433,2356.9494291986275,28.30576654497612,28.61283618913435,28.719206526657565,0.4134399816814458
2825.7558527246347,1.222445955604604,4.200001317634045,2333.367806451122,28.28507924740221,28.59023090740028,28.695938512903687,0.4108592655014789
2830.7838880497675,1.2154375140943856,4.200001382247656,2309.786183703616,28.26450836185924,28.567752782686423,28.67280134697586,0.4082929851166206
2835.8119233749003,1.2084290725841673,4.2000014468612665,2286.20456095611,28.24405340023956,28.545401282581608,28.64979448157507,0.4057410813355098
2840.839958700033,1.2014206310739493,4.200001511474878,2262.6229382086044,28.223713874435532,28.523175874674678,28.626917369402303,0.4032034949667711
2845.867994025166,1.194412189563731,4.200001576088489,2239.0413154610987,28.203489296339498,28.501076026554458,28.60416946315854,0.4006801668190434
2850.8960293502987,1.1880222078906268,4.200001560026741,2218.607877241479,28.183379177843815,28.479101205809787,28.581550215544773,0.3981710377009584
2855.9240646754315,1.1820050743578512,4.200001495328598,2200.0723710720795,28.163383030840833,28.457250880029502,28.55905907926198,0.3956760484211479
2860.9521000005643,1.1759879408250757,4.200001430630454,2181.5368649026805,28.143500367222906,28.435524516802435,28.53669550701115,0.3931951397882436
2865.980135325697,1.1699708072923,4.2000013659323105,2163.001358733281,28.123730698882383,28.41392158371742,28.514458951493268,0.3907282526108844
2871.00817065083,1.1639536737595246,4.200001301234167,2144.4658525638815,28.10407353771162,28.392441548363294,28.492348865409316,0.3882753276976949
2876.0362059759627,1.157936540226749,4.200001236536023,2125.9303463944825,28.084528395602966,28.371083878328893,28.470364701460284,0.38583630585731754
2881.0642413010955,1.1519194066939733,4.200001171837879,2107.394840225083,28.065094784448775,28.34984804120305,28.44850591234715,0.38341112789837695
2886.0922766262283,1.1459022731611979,4.2000011071397365,2088.859334055684,28.045772216141398,28.3287335045746,28.426771950770906,0.3809997346295084
2891.120311951361,1.1398851396284222,4.200001042441593,2070.3238278862846,28.026560202573187,28.307739736032374,28.40516226943253,0.3786020668593437
2896.148347276494,1.1338680060956465,4.200000977743449,2051.7883217168855,28.007458255636493,28.286866203165214,28.383676321033015,0.3762180653965217
2901.1763826016263,1.1278508725628715,4.200000913045305,2033.2528155474877,27.988465887223676,28.266112373561953,28.362313558273343,0.373847671049667
2906.204417926759,1.121833739030096,4.200000848347162,2014.7173093780884,27.969582609227075,28.245477714811422,28.341073433854493,0.37149082462741845
2911.232453251892,1.1158166054973204,4.200000783649018,1996.1818032086892,27.95080793353905,28.224961694502454,28.319955400477458,0.36914746693840783
2916.2604885770247,1.1097994719645448,4.200000718950874,1977.64629703929,27.93214137205195,28.204563780223893,28.29895891084322,0.3668175387912669
2921.2885239021575,1.1037823384317693,4.200000654252731,1959.1107908698905,27.91358243665813,28.184283439564563,28.278083417652763,0.3645009809946309
2926.3165592272903,1.0977652048989937,4.2000005895545875,1940.5752847004912,27.895130639249942,28.164120140113308,28.25732837360707,0.3621977343571281
2931.344594552423,1.0917480713662182,4.200000524856444,1922.039778531092,27.876785491719733,28.144073349458957,28.236693231407134,0.35990773968740086
2936.372629877556,1.0857309378334425,4.2000004601583,1903.5042723616928,27.85854650595986,28.124142535190348,28.21617744375393,0.3576309377940703
2941.4006652026887,1.0797138043006669,4.200000395460156,1884.9687661922935,27.840413193862677,28.104327164896315,28.19578046334845,0.3553672694857717
2946.4287005278215,1.0736966707678914,4.200000330762013,1866.433260022894,27.822385067320532,28.084626706165693,28.175501742891676,0.3531166755711439
2951.4567358529544,1.0676795372351158,4.20000026606387,1847.897753853495,27.804461638225778,28.06504062658731,28.155340735084593,0.35087909685881513
2956.484771178087,1.06166240370234,4.200000201365726,1829.3622476840956,27.786642418470766,28.045568393750017,28.13529689262819,0.34865447415742423
2961.51280650322,1.0556452701695647,4.200000136667582,1810.8267415146963,27.76892691994785,28.02620947524263,28.115369668223444,0.3464427482755923
2966.5408418283528,1.049628136636789,4.200000071969439,1792.291235345297,27.751314654549383,28.006963338654,28.095558514571348,0.3442438600219653
2971.5688771534856,1.0436110031040133,4.200000007271295,1773.7557291758978,27.73380513416771,27.98782945157295,28.07586288437288,0.3420577502051714
2976.5969124786184,1.0381032128538528,4.199999944396246,1757.6428331047973,27.716397870695193,27.96880728158832,28.056282230329032,0.3398843596338388
2981.624947803751,1.0326598967318688,4.199999881751969,1741.8365979426192,27.69909237602418,27.94989629628894,28.036816005140786,0.33772362911660636
2986.652983128884,1.027216580609885,4.199999819107693,1726.030362780441,27.68188816204702,27.931095963263655,28.017463661509126,0.33557549946210585
2991.681018454017,1.021773264487901,4.199999756463416,1710.2241276182629,27.664784740656067,27.91240575010129,27.998224652135036,0.333439911478969
2996.7090537791496,1.0163299483659172,4.19999969381914,1694.4178924560847,27.647781623743676,27.893825124390684,27.979098429719503,0.3313168059758276
3001.7370891042824,1.0108866322439332,4.1999996311748635,1678.6116572939068,27.630878323202197,27.87535355372067,27.96008444696351,0.3292061237613133
3006.765124429415,1.0054433161219494,4.199999568530587,1662.8054221317286,27.614074350923982,27.856990505680088,27.941182156568047,0.32710780564406505
3011.793159754548,0.9999999999999654,4.199999505886311,1646.9991869695505,27.59736921880138,27.838735447857765,27.922391011234094,0.32502179243271456
